{"cameraMode":{"drawMode":0,"name":"Shaded","section":"Shading Mode"},"sceneLighting":true,"audioPlay":false,"sceneViewState":{"showFog":true,"showMaterialUpdate":false,"showSkybox":true,"showFlares":true,"showImageEffects":true,"showParticleSystems":true},"in2DMode":false,"pivot":{"x":2.4365220069885256,"y":0.8288588523864746,"z":-0.6580944061279297},"rotation":{"x":-0.027404790744185449,"y":0.9719810485839844,"z":-0.18170496821403504,"w":-0.146601140499115},"size":7.847564697265625,"orthographic":false}